,RIDGE,BOOST,OLS,ENSEMBLE,EW,BTC,MV_OPT,RISK_PARITY_ML,RISK_PARITY_EW,VOL_TARGET_EW,VOL_TARGET_ML
RIDGE,1.0,0.27770130496783424,0.9925536565404753,0.9731041921681556,0.3515174129468619,0.28332543208886457,0.5841220765978904,0.4117337503811354,0.37581430734824306,0.3552461477280212,0.43767672220467974
BOOST,0.27770130496783424,1.0,0.277903749468492,0.31566239381946326,0.13796328908028324,0.20710456530052798,0.255000024926383,0.20322416487123582,0.20345060490063768,0.15255538431185608,0.15217504750462055
OLS,0.9925536565404753,0.277903749468492,1.0,0.9741580730732866,0.36193712449196147,0.28796249624513365,0.5937086049721445,0.422366173035248,0.3833792002033604,0.3650807475422653,0.45331878213262566
ENSEMBLE,0.9731041921681556,0.31566239381946326,0.9741580730732866,1.0,0.3419936868928978,0.2703606347696042,0.5767424122816786,0.40428430370061996,0.36695578499194154,0.3436935111153986,0.43486627452882953
EW,0.3515174129468619,0.13796328908028324,0.36193712449196147,0.3419936868928978,1.0,0.8148373256389965,0.8191469609117197,0.9815223780077859,0.9797085631178033,0.989214493031214,0.8616025896016742
BTC,0.28332543208886457,0.20710456530052798,0.28796249624513365,0.2703606347696042,0.8148373256389965,1.0,0.6717813631315909,0.799938135295298,0.8082403861150451,0.8094335229559249,0.6583443758084352
MV_OPT,0.5841220765978904,0.255000024926383,0.5937086049721445,0.5767424122816786,0.8191469609117197,0.6717813631315909,1.0,0.8468972187979914,0.7979817489809832,0.8096291733258854,0.8724719243205609
RISK_PARITY_ML,0.4117337503811354,0.20322416487123582,0.422366173035248,0.40428430370061996,0.9815223780077859,0.799938135295298,0.8468972187979914,1.0,0.9896034663610073,0.970763229867504,0.8958467603032242
RISK_PARITY_EW,0.37581430734824306,0.20345060490063768,0.3833792002033604,0.36695578499194154,0.9797085631178033,0.8082403861150451,0.7979817489809832,0.9896034663610073,1.0,0.9724759069614779,0.8275611396937761
VOL_TARGET_EW,0.3552461477280212,0.15255538431185608,0.3650807475422653,0.3436935111153986,0.989214493031214,0.8094335229559249,0.8096291733258854,0.970763229867504,0.9724759069614779,1.0,0.8482944542515711
VOL_TARGET_ML,0.43767672220467974,0.15217504750462055,0.45331878213262566,0.43486627452882953,0.8616025896016742,0.6583443758084352,0.8724719243205609,0.8958467603032242,0.8275611396937761,0.8482944542515711,1.0
